<?xml version="1.0" encoding="utf-8"?>
<LanguageInfo xmlns:xsi="http://www.w3.org/2001/XMLSchema-instance" xmlns:xsd="http://www.w3.org/2001/XMLSchema">
  <QuickHostSetting>Paramètres Jeu Rapide</QuickHostSetting>
  <QuickHostBtn>Sauver</QuickHostBtn>
  <pmsbProgRun>Programme déjà en cours d'exécution.</pmsbProgRun>
  <pMsbErrorToServer>Erreur de connection au serveur.</pMsbErrorToServer>
  <pMsbBadLog>Mauvais profil et/ou mot de passe.</pMsbBadLog>
  <pMsbOldVers>Votre version du lanceur est trop ancienne. Veuillez le réinstaller.</pMsbOldVers>
  <pMsbException>Oooops! Une erreur est survenue! Le programme va fermer!</pMsbException>
  <LoginUserName>Profil</LoginUserName>
  <LoginPassWord>Mot de passe</LoginPassWord>
  <LoginLanguage>Langue</LoginLanguage>
  <LoginLoginButton>OK</LoginLoginButton>
  <LoginRegisterButton>S'inscrire</LoginRegisterButton>
  <LoginAutoLogin>Me connecter automatiquement.</LoginAutoLogin>
  <LoginMsb1>Non connecté au serveur.</LoginMsb1>
  <LoginMsb2>Veuillez entrer votre profil.</LoginMsb2>
  <LoginMsb3>Veuillez entrer votre mot de passe.</LoginMsb3>
  <LoginBtnOffline>Mode Classic</LoginBtnOffline>
  <RegistLbUser>Profil :</RegistLbUser>
  <RegistLbPw>Mot de passe :</RegistLbPw>
  <RegistLbPw2>Confirmer-le :</RegistLbPw2>
  <RegistBtnRegister>S'inscrire</RegistBtnRegister>
  <RegistBtnCancel>Annuler</RegistBtnCancel>
  <RegistMsb1>Veuillez confirmer votre mot de passe.</RegistMsb1>
  <RegistMsb2>Veuillez entrer votre mot de passe.</RegistMsb2>
  <RegistMsb3>Veuillez entrer votre profil.</RegistMsb3>
  <RegistMsb4>Enregistrement réussi!</RegistMsb4>
  <RegistMsb5>Profil déjà existant.</RegistMsb5>
  <RegistMsb6>Le profil ne peut contenir de caractères spéciaux.</RegistMsb6>
  <GameServerInfo>Détails du serveur</GameServerInfo>
  <GameTabRanked>Classé</GameTabRanked>
  <GameTabUnranked>Non classé</GameTabUnranked>
  <GameofRooms>Salons</GameofRooms>
  <GameofUnranked>Sans classement</GameofUnranked>
  <GameofRanked>Avec classement</GameofRanked>
  <GameofOpenRooms>Salons ouverts</GameofOpenRooms>
  <GameofPlayers>Joueurs en ligne</GameofPlayers>
  <GameFilterActive>Afficher que les disponibles.</GameFilterActive>
  <GameColumnRoomName>Nom du salon</GameColumnRoomName>
  <GameColumnType>Type</GameColumnType>
  <GameColumnRules>Règles</GameColumnRules>
  <GameColumnMode>Mode</GameColumnMode>
  <GameColumnState>Etat</GameColumnState>
  <GameColumnPlayers>Joueurs</GameColumnPlayers>
  <GameColumnBanList>Restriction</GameColumnBanList>
  <GameColumnTimer>Temps limite</GameColumnTimer>
  <GameBtnDeck>Decks</GameBtnDeck>
  <GameBtnReplay>Replays</GameBtnReplay>
  <GameBtnOption>Options</GameBtnOption>
  <GameBtnProfile>Profil</GameBtnProfile>
  <GameBtnHost>Hôte</GameBtnHost>
  <GameBtnQuick>Rapide</GameBtnQuick>
  <GameLabWLD>Gagné/Perdu/Nul</GameLabWLD>
  <GameLabDeck>Deck:</GameLabDeck>
  <GameLabUser>Profil:</GameLabUser>
  <GameBtnOffline>Hors Ligne</GameBtnOffline>
  <GameBtnLogout>Accueil</GameBtnLogout>
  <GamePasswordExsists>Un salon avec ce mot de passe existe déjà.</GamePasswordExsists>
  <GameLocked>Verrouillé</GameLocked>
  <GameOpen>Ouvert</GameOpen>
  <GameLPChange>Vos paramètres de création rapide d'un salon ne suivent pas les recommandations au niveau des Life Points. Souhaitez-vous les accorder avec les règles en vigueur ?</GameLPChange>
  <GameEnterPassword>Entrez le mot de passe</GameEnterPassword>
  <GameWrongPassword>Mot de passe incorrect</GameWrongPassword>
  <optionGb1>Paramètres Utilisateurs</optionGb1>
  <optionGb2>Paramètres Jeu</optionGb2>
  <optionGb3>Paramètres Police</optionGb3>
  <optionGb4>Paramètres Lanceur</optionGb4>
  <optionMsbForget>Souhaitez-vous vraiment oublier la connexion automatique au lancement du lanceur?</optionMsbForget>
  <optionUser>Profil par défaut</optionUser>
  <optionDeck>Deck par défaut</optionDeck>
  <optionBtnAutoLogin>Oublier connexion auto</optionBtnAutoLogin>
  <optionAntialias>Anti-aliasing</optionAntialias>
  <optionCbSound>Activer les sons</optionCbSound>
  <optionCbMusic>Activer les musiques</optionCbMusic>
  <optionCbDirect>Activer DirectX</optionCbDirect>
  <optionCbFull>Plein écran</optionCbFull>
  <optionTexts>Taille Police</optionTexts>
  <optionTextf>Police du Jeu</optionTextf>
  <optionBtnQuick>Param. Jeu Rapide</optionBtnQuick>
  <optionBtnSave>Sauver</optionBtnSave>
  <optionBtnCancel>Annuler</optionBtnCancel>
  <optionCbCustomSkin>Activer les Skins</optionCbCustomSkin>
  <optionCbAutoPlacing>Placement auto</optionCbAutoPlacing>
  <optionCbRandomPlacing>Placement aléatoire</optionCbRandomPlacing>
  <optionCbAutoChain>Chaîner auto</optionCbAutoChain>
  <optionCbNoChainDelay>Chaîner sans délai</optionCbNoChainDelay>
  <hostGb1>Paramètres</hostGb1>
  <hostGb2>Options supplémentaires</hostGb2>
  <hostBanlist>Restriction :</hostBanlist>
  <hostTimeLimit>Limite de temps :</hostTimeLimit>
  <hostRules>Règles de jeu :</hostRules>
  <hostMode>Type de Duel :</hostMode>
  <hostPrio>Activer la priorité</hostPrio>
  <hostCheckDeck>Désactiver vérification Deck</hostCheckDeck>
  <hostShuffle>Désactiver mélanger Deck</hostShuffle>
  <hostLifep>Life Points :</hostLifep>
  <hostGameN>Nom du Jeu :</hostGameN>
  <hostBtnHost>Créer</hostBtnHost>
  <hostBtnCancel>Annuler</hostBtnCancel>
  <hostpassword>Mot de passe</hostpassword>
  <fileBtnRename>Renommer</fileBtnRename>
  <fileBtnDelete>Supprimer</fileBtnDelete>
  <fileBtnFolder>Ouvrir dossier</fileBtnFolder>
  <fileBtnGame>Lancer le jeu</fileBtnGame>
  <fileMsgNoExist>n'existe pas</fileMsgNoExist>
  <fileMsgNoSelect>Aucune sélection</fileMsgNoSelect>
  <fileMsbMulti>Impossible de renommer plusieurs objets</fileMsbMulti>
  <fileAskDelete>Souhaitez-vous supprimer les objets suivants </fileAskDelete>
  <fileNewName>Entrer nouveau nom</fileNewName>
  <fileInputConfirm>Renommer</fileInputConfirm>
  <fileBtnRefresh>Actualiser</fileBtnRefresh>
  <fileBtnImport>Importer</fileBtnImport>
  <aboutLabel1>A propos de DevPro</aboutLabel1>
  <aAboutText>The YGOPro Online Development Group is a rag tag team of programmers, philanthropist, and generally knowledgeable people in the YGOPro community that seek to better and progress the Yu-Gi-Oh! Online community as a whole by providing services and software to allow duelist to grow by dueling and forming lasting friendships.</aAboutText>
  <aboutLabel5>Contributeurs DevPro</aboutLabel5>
  <cusRemoveBtn>Retirer</cusRemoveBtn>
  <cusAddThemeBtn>Ajouter</cusAddThemeBtn>
  <cusAddContentBtn>Ajouter</cusAddContentBtn>
  <cusPreview>Aperçu</cusPreview>
  <cusBackup>Sauvegarder</cusBackup>
  <cusLabelTheme>Thème</cusLabelTheme>
  <cusLabelCont>Contenu</cusLabelCont>
  <profileName>Profil</profileName>
  <profileWin>Gagné</profileWin>
  <profileLose>Perdu</profileLose>
  <profileGb1>Info Duelliste</profileGb1>
  <profileGb2>Non classé</profileGb2>
  <profileGb3>Classé</profileGb3>
  <profileGb4>Stats Gagnés</profileGb4>
  <profileGb5>Stats Perdus</profileGb5>
  <profileLblLP>LP à 0</profileLblLP>
  <profileLblSurrendered>Abandon</profileLblSurrendered>
  <profileLbl0Cards>Plus de cartes</profileLbl0Cards>
  <profileLblTimeLimit>Temps limite atteint</profileLblTimeLimit>
  <profileLblDisconnect>Déconnexion-RQ</profileLblDisconnect>
  <profileLblExodia>Exodia</profileLblExodia>
  <profileLblFinalCountdown>Compte à Rebours Final</profileLblFinalCountdown>
  <profileLblVennominaga>Vennominaga</profileLblVennominaga>
  <profileLblHorakhty>Horakhty</profileLblHorakhty>
  <profileLblExodius>Exodius</profileLblExodius>
  <profileLblDestinyBoard>Tableau de la Destinée</profileLblDestinyBoard>
  <profileLblLastTurn>Dernier Tour</profileLblLastTurn>
  <profileLblDestinyLeo>Destiny Leo</profileLblDestinyLeo>
  <profileLblUnknown>Autre</profileLblUnknown>
  <profileLblUsername>Duelliste: </profileLblUsername>
  <profileLblwld>Gagné/Perdu/Nul: </profileLblwld>
  <profileLblRank>Rang: </profileLblRank>
  <profileLblTeam>Equipe: </profileLblTeam>
  <chatoptionsFormName>Options du Chat</chatoptionsFormName>
  <chatoptionsGb1>Paramètres du Chat</chatoptionsGb1>
  <chatoptionsGb2>Autres paramètres</chatoptionsGb2>
  <chatoptionsGb3>Couleurs</chatoptionsGb3>
  <chatoptionsGb4>Paramètres du Canal</chatoptionsGb4>
  <chatoptionsLblHideJoinLeave>Cacher Joindre/Quitter</chatoptionsLblHideJoinLeave>
  <chatoptionsLblPmWindows>Fenêtre des MP</chatoptionsLblPmWindows>
  <chatoptionsLblColorBlindMode>Mode pour daltoniens</chatoptionsLblColorBlindMode>
  <chatoptionsLblShowTimeStamp>Montrer l'horodatage</chatoptionsLblShowTimeStamp>
  <chatoptionsLblRefuseDuelRequests>Refuser Requête Duel</chatoptionsLblRefuseDuelRequests>
  <chatoptionsLblChatBackground>Fond du Chat</chatoptionsLblChatBackground>
  <chatoptionsLblNormalText>Texte Normal</chatoptionsLblNormalText>
  <chatoptionsLblLevel99>Niveau 99</chatoptionsLblLevel99>
  <chatoptionsLblLevel2>Niveau 2</chatoptionsLblLevel2>
  <chatoptionsLblLevel1>Niveau 1</chatoptionsLblLevel1>
  <chatoptionsLblNormalUser>Duelliste classique</chatoptionsLblNormalUser>
  <chatoptionsLblServerMessages>Message Serveur</chatoptionsLblServerMessages>
  <chatoptionsLblMeMessage>Message /Me</chatoptionsLblMeMessage>
  <chatoptionsLblJoin>Joindre</chatoptionsLblJoin>
  <chatoptionsLblLeave>Quitter</chatoptionsLblLeave>
  <chatoptionsLblSystem>Système</chatoptionsLblSystem>
  <chatoptionsBtnRequestSettings>Param. Requête Duel</chatoptionsBtnRequestSettings>
  <chatoptionsBtnSave>Sauver</chatoptionsBtnSave>
  <chatoptionsBtnCancel>Annuler</chatoptionsBtnCancel>
  <chatoptionsRequestFormText>Paramètres Requête Duel</chatoptionsRequestFormText>
  <chatBtnoptions>Options</chatBtnoptions>
  <chatTabUsers>Duellistes</chatTabUsers>
  <chatTabFriends>Amis</chatTabFriends>
  <chatTabIgnore>Ignorés</chatTabIgnore>
  <chatUserCount>En Ligne : </chatUserCount>
  <chatAddFriend>Ajouter ami</chatAddFriend>
  <chatRequestDuel>Défier en Duel</chatRequestDuel>
  <chatIgnoreUser>Ignorer duelliste</chatIgnoreUser>
  <chatViewProfile>Profil</chatViewProfile>
  <chatRemoveFriend>Retirer ami</chatRemoveFriend>
  <chatRemoveIgnore>Retirer</chatRemoveIgnore>
  <chatAutoScroll>Défil. Auto</chatAutoScroll>
  <MainFormTitle>Lanceur YgoPro Online </MainFormTitle>
  <MainChatTab>Chat (Beta)</MainChatTab>
  <MainRankingTab>Classement</MainRankingTab>
  <MainTornyTab>Salon des Tournois</MainTornyTab>
  <MainYoutubeTab>Youtube</MainYoutubeTab>
  <MainFileManagerTab>Gestion des fichiers</MainFileManagerTab>
  <MainFileDeckTab>Decks</MainFileDeckTab>
  <MainFileReplayTab>Replays</MainFileReplayTab>
  <MainCustomizeTab>Personnaliser</MainCustomizeTab>
  <MainAboutTab>A propos</MainAboutTab>
  <DuelReqestMessage> vous défie en Duel classé ! Acceptez-vous ce challenge ?</DuelReqestMessage>
  <DuelRequestBanlist> Restriction: </DuelRequestBanlist>
  <DuelRequestRules> Règles de jeu: </DuelRequestRules>
  <DuelRequestMode> Type: </DuelRequestMode>
  <SupportItem1Name>Status de Duelliste Donneur</SupportItem1Name>
  <SupportItem1Des>Vous octroie des commandes supplémentaires dans le chat ainsi qu'un changement de status.</SupportItem1Des>
  <SupportItem2Name>Changement de Pseudo</SupportItem2Name>
  <SupportItem2Des>Change votre Pseudo tout en gardant vos statistiques de Duel.</SupportItem2Des>
  <SupportItem3Name>Réinitialisation des Stats</SupportItem3Name>
  <SupportItem3Des>Réinitialise vos statistiques de Duel.</SupportItem3Des>
  <SupportItem4Name>Libération d'un Duelliste</SupportItem4Name>
  <SupportItem4Des>Débannir un Duelliste qui a été banni auparavant.</SupportItem4Des>
  <SupportItem5Name>Couleur du Pseudo</SupportItem5Name>
  <SupportItem5Des>Change la couleur de votre Pseudo dans le chat.</SupportItem5Des>
  <SupportItem6Name>Création d'une Equipe</SupportItem6Name>
  <SupportItem6Des>Créée une Equipe de Duellistes.</SupportItem6Des>
  <SupportItem7Name>Envoie de Messages Serveur</SupportItem7Name>
  <SupportItem7Des>Permet d'envoyer des Messages Serveur à tout le monde (dans la limite de 3 Messages par jour)</SupportItem7Des>
  <SupportBalance>Compte</SupportBalance>
  <Supportgb2>Supportez DevPro !</Supportgb2>
  <Supportgb2text>Les DevPoints permettent de récompenser les Duellistes qui aident et supportent DevPro. Tandis que les 2 options ci-dessous vous font gagner des DevPoints, vous pouvez aussi en gagner en aidant la Team Devpro !  ||- Prendre part aux Events DevPro || - Résoudre les bugs de cartes et du lanceur! || - Contribuer à la montée en charge de DevPro</Supportgb2text>
  <Supportgb3>Complétez des offres !</Supportgb3>
  <Supportgb3text>Gagnez des DevPoints en complétant des offres.</Supportgb3text>
  <Supportgb4>Faites un don !</Supportgb4>
  <Supportgb4text>Et recevez des DevPoints.</Supportgb4text>
  <SupportRenameInput>Entrez votre nouveau Pseudo</SupportRenameInput>
  <SupportUnbanInput>Entrez votre Pseudo</SupportUnbanInput>
  <SupportTeamNameInput>Entrez le nom de votre Equipe</SupportTeamNameInput>
  <SupportMSGInput>Entrez votre message</SupportMSGInput>
</LanguageInfo>